{
	"format_version": "1.10.0",
	"geometry.matoi_ryuko": {
		"texturewidth": 64,
		"textureheight": 64,
		"visible_bounds_width": 3,
		"visible_bounds_height": 3,
		"visible_bounds_offset": [0, 1.5, 0],
		"bones": [
			{
				"name": "body",
				"pivot": [0, 0, 0],
				"cubes": [
					{"origin": [-4, 12, -2], "size": [8, 11, 4], "uv": [16, 20]},
					{"origin": [-3, 15, -3], "size": [1, 2, 1], "uv": [0, 0]},
					{"origin": [2, 15, -3], "size": [1, 2, 1], "uv": [0, 0]},
					{"origin": [0, 15, 2], "size": [1, 2, 1], "uv": [0, 0]},
					{"origin": [-4, 17, -3], "size": [8, 5, 1], "uv": [46, 6]},
					{"origin": [-1, 23, -1], "size": [2, 1, 2], "uv": [0, 4]}
				],
				"locators": {
					"lead_hold": [0, 40, 0]
				}
			},
			{
				"name": "skirt",
				"parent": "body",
				"pivot": [2, 13, 0],
				"cubes": [
					{"origin": [-5, 8, 2], "size": [10, 7, 1], "uv": [0, 53]},
					{"origin": [-5, 8, -2], "size": [1, 7, 4], "uv": [0, 53]},
					{"origin": [4, 8, -2], "size": [1, 7, 4], "uv": [0, 53]},
					{"origin": [-5, 8, -3], "size": [10, 7, 1], "uv": [0, 53]},
					{"origin": [-5, 8, -4], "size": [10, 5, 1], "uv": [0, 53]},
					{"origin": [5, 8, -3], "size": [1, 5, 6], "uv": [0, 53]},
					{"origin": [-6, 8, -3], "size": [1, 5, 6], "uv": [0, 53]},
					{"origin": [-5, 8, 3], "size": [10, 5, 1], "uv": [0, 53]}
				]
			},
			{
				"name": "skirt2",
				"parent": "body",
				"pivot": [2, 10, 0]
			},
			{
				"name": "head",
				"parent": "body",
				"pivot": [0, 24, 0],
				"cubes": [
					{"origin": [-4, 24, -4], "size": [8, 8, 8], "uv": [0, 0]},
					{"origin": [-4, 32, -3], "size": [8, 1, 6], "uv": [40, 57]},
					{"origin": [-2, 32, -4], "size": [4, 1, 1], "uv": [40, 57]},
					{"origin": [-3, 26, 4], "size": [6, 6, 1], "uv": [40, 57]},
					{"origin": [-3, 26, 4], "size": [6, 6, 1], "uv": [40, 57]}
				]
			},
			{
				"name": "hairsides",
				"parent": "head",
				"pivot": [0, 24, 3],
				"cubes": [
					{"origin": [4, 26, -3], "size": [1, 6, 6], "uv": [40, 57]},
					{"origin": [4, 25, -2], "size": [1, 1, 4], "uv": [40, 57]},
					{"origin": [-5, 26, -3], "size": [1, 6, 6], "uv": [40, 57]},
					{"origin": [-5, 25, -2], "size": [1, 1, 4], "uv": [40, 57]},
					{"origin": [-5, 27, -4], "size": [1, 5, 1], "uv": [40, 57]}
				]
			},
			{
				"name": "hairstreak",
				"parent": "head",
				"pivot": [4, 30, -5],
				"cubes": [
					{"origin": [1, 30, -5], "size": [1, 1, 1], "uv": [56, 0]},
					{"origin": [2, 29, -5], "size": [3, 1, 1], "uv": [56, 0]}
				]
			},
			{
				"name": "leg0",
				"parent": "body",
				"pivot": [-2, 12, 0],
				"cubes": [
					{"origin": [-4, 0, -2], "size": [4, 12, 4], "uv": [0, 22]}
				]
			},
			{
				"name": "leg1",
				"parent": "body",
				"pivot": [2, 12, 0],
				"cubes": [
					{"origin": [0, 0, -2], "size": [4, 12, 4], "uv": [0, 22], "mirror": true}
				]
			},
			{
				"name": "cape",
				"parent": "body",
				"pivot": [-1, 21, 2],
				"cubes": [
					{"origin": [-5, 17, 2], "size": [10, 5, 1], "uv": [0, 39]}
				]
			},
			{
				"name": "tie",
				"parent": "body",
				"pivot": [0, 21, 0],
				"cubes": [
					{"origin": [-1, 20, -4], "size": [2, 1, 1], "uv": [58, 0]},
					{"origin": [-1, 18, -4], "size": [1, 2, 1], "uv": [58, 0]}
				]
			},
			{
				"name": "arm1",
				"parent": "body",
				"pivot": [5, 22, 1],
				"cubes": [
					{"origin": [4, 10, -2], "size": [3, 12, 4], "uv": [44, 22], "mirror": true}
				]
			},
			{
				"name": "arm2",
				"parent": "body",
				"pivot": [-7, 21, 1],
				"cubes": [
					{"origin": [-7, 10, -2], "size": [3, 12, 4], "uv": [44, 22]}
				]
			}
		]
	}
}