{
  "format_version": "1.17.3",
  "minecraft:block": {
    "description": {
      "identifier": "azsimuth:lemonleaves",
      "is_experimental": false,
      "register_to_creative_menu ": true
    },
    "components": {
      "minecraft:loot": "loot_tables/blocks/azsimuth_lemonleaves.json",
      "minecraft:block_light_emission": 0,
      "minecraft:destroy_time": 0.3,
      "minecraft:explosion_resistance": 0.5,
      "minecraft:friction": 0.6,
      "minecraft:flammable": {
        "flame_odds": 1,
        "burn_odds": 1
      }
    }
  }
}