{
  "format_version": "1.12",
  "minecraft:item": {
    "description": {
      "identifier": "azsimuth:lemon",
      "register_to_creative_menu": true,
      "is_experimental": false
    },
    "components": {
      "minecraft:max_stack_size": 64,
      "minecraft:max_damage": 0,
      "minecraft:use_duration": 32,
      "minecraft:food": {
        "nutrition": 4,
        "nutritionalValue": "low",
        "saturation_modifier": "low",
        "can_always_eat": false,
        "is_meat": false
      },
      "minecraft:creative_category": "Items"
    }
  }
}