{
	"format_version": "1.16.100",
	"minecraft:item": {
		"description": {
			"identifier": "azsimuth:ryuko_sword",
			"category": "equipment"
		},
		"components": {
			"minecraft:creative_category": {
				"parent": "itemGroup.name.sword"
			},
			"minecraft:max_stack_size": 1,
			"minecraft:hand_equipped": true,
			"minecraft:durability": {
				"max_durability": -1
			},
			"minecraft:damage": 25,
			"minecraft:enchantable": {
				"value": 10,
				"slot": "sword"
			},
			"minecraft:icon": {
				"texture": "ryuko_sword"
			},
			"minecraft:display_name": {
				"value": "Scissor Blade"
			},
			"minecraft:repairable": {
				"repair_items": [
					{
						"items": "minecraft:stick",
						"repair_amount": "context.other->query.remaining_durability + 0.05 * context.other->query.max_durability"
					}
				]
			},
			"minecraft:weapon": {}
		}
	}
}
