{
  "resource_pack_name": "vanilla",
  "texture_name": "atlas.terrain",
  "padding": 8,
  "num_mip_levels": 0,
  "texture_data": {
    "azsimuth_lemons_ore_up": {
      "textures": [
        "textures/blocks/lemonite_ore"
      ]
    },
    "azsimuth_lemons_ore_down": {
      "textures": [
        "textures/blocks/lemonite_ore"
      ]
    },
    "azsimuth_lemons_ore_south": {
      "textures": [
        "textures/blocks/lemonite_ore"
      ]
    },
    "azsimuth_lemons_ore_north": {
      "textures": [
        "textures/blocks/lemonite_ore"
      ]
    },
    "azsimuth_lemons_ore_west": {
      "textures": [
        "textures/blocks/lemonite_ore"
      ]
    },
    "azsimuth_lemons_ore_east": {
      "textures": [
        "textures/blocks/lemonite_ore"
      ]
    },
    "azsimuth_lemons_block_up": {
      "textures": [
        "textures/blocks/lemonite_ore_block"
      ]
    },
    "azsimuth_lemons_block_down": {
      "textures": [
        "textures/blocks/lemonite_ore_block"
      ]
    },
    "azsimuth_lemons_block_south": {
      "textures": [
        "textures/blocks/lemonite_ore_block"
      ]
    },
    "azsimuth_lemons_block_north": {
      "textures": [
        "textures/blocks/lemonite_ore_block"
      ]
    },
    "azsimuth_lemons_block_west": {
      "textures": [
        "textures/blocks/lemonite_ore_block"
      ]
    },
    "azsimuth_lemons_block_east": {
      "textures": [
        "textures/blocks/lemonite_ore_block"
      ]
    },
    "azsimuth_lemonleaves_up": {
      "textures": [
        "textures/blocks/leave_lemon"
      ]
    },
    "azsimuth_lemonleaves_down": {
      "textures": [
        "textures/blocks/leave_lemon"
      ]
    },
    "azsimuth_lemonleaves_south": {
      "textures": [
        "textures/blocks/leave_lemon"
      ]
    },
    "azsimuth_lemonleaves_north": {
      "textures": [
        "textures/blocks/leave_lemon"
      ]
    },
    "azsimuth_lemonleaves_west": {
      "textures": [
        "textures/blocks/leave_lemon"
      ]
    },
    "azsimuth_lemonleaves_east": {
      "textures": [
        "textures/blocks/leave_lemon"
      ]
    },
  "azsimuth_lifefiberblock_up": {
    "textures": [
      "textures/blocks/lifefiber"
    ]
  },
  "azsimuth_lifefiberblock_down": {
    "textures": [
      "textures/blocks/lifefiber"
    ]
  },
  "azsimuth_lifefiberblock_south": {
    "textures": [
      "textures/blocks/lifefiber"
    ]
  },
  "azsimuth_lifefiberblock_north": {
    "textures": [
      "textures/blocks/lifefiber"
    ]
  },
  "azsimuth_lifefiberblock_west": {
    "textures": [
      "textures/blocks/lifefiber"
    ]
  },
  "azsimuth_lifefiberblock_east": {
    "textures": [
      "textures/blocks/lifefiber"
    ]
  },
  "azsimuth_hardenedlifefibers_up": {
    "textures": [
      "textures/blocks/hardenedlifefiber"
    ]
  },
  "azsimuth_hardenedlifefibers_down": {
    "textures": [
      "textures/blocks/hardenedlifefiber"
    ]
  },
  "azsimuth_hardenedlifefibers_south": {
    "textures": [
      "textures/blocks/hardenedlifefiber"
    ]
  },
  "azsimuth_hardenedlifefibers_north": {
    "textures": [
      "textures/blocks/hardenedlifefiber"
    ]
  },
  "azsimuth_hardenedlifefibers_west": {
    "textures": [
      "textures/blocks/hardenedlifefiber"
    ]
  },
  "azsimuth_hardenedlifefibers_east": {
    "textures": [
      "textures/blocks/hardenedlifefiber"
    ]
  }
}
}